Project_category,Species,SampleID,Project,Model,Groups,Drug,Drug_batch,Dosage,Dosage_unit,Gender,Birth_date,Arrival_date,Arrival_age_week,Collection_date,Age_week,Strain,Cage_num,Source,Feed_site,Batch,Comment,Time_Point,Subject_add_X,Bacteria_16s,16s_lab,Metagenome,Metagenome_lab,Metabolism,Metabolism_lab,Immunity,Path
971,mice,B4110-A,NEU-PD-2020-003,,GV-971 100mpk,Vehicle,,0,,male,2019/10/10,,,2020/6/18,36,Tg,8,GVRI,Bikai,20200904-16s,,time1,B4110_A,y,Fengyuan,y,Meiji,,,,
971,mice,B4111-A,NEU-PD-2020-003,,WT,Vehicle,,0,,male,2019/10/10,,,2020/6/18,36,WT,2,GVRI,Bikai,20200904-16s,,time1,B4111_A,y,Fengyuan,y,Meiji,,,,
971,mice,B4112-A,NEU-PD-2020-003,,WT,Vehicle,,0,,male,2019/10/10,,,2020/6/18,36,WT,2,GVRI,Bikai,20200904-16s,,time1,B4112_A,y,Fengyuan,y,Meiji,,,,
971,mice,B4113-A,NEU-PD-2020-003,,GV-971 100mpk,Vehicle,,0,,female,2019/10/10,,,2020/6/18,36,Tg,7,GVRI,Bikai,20200904-16s,,time1,B4113_A,y,Fengyuan,y,Meiji,,,,
971,mice,B4114-A,NEU-PD-2020-003,,WT,Vehicle,,0,,female,2019/10/10,,,2020/6/18,36,WT,1,GVRI,Bikai,20200904-16s,,time1,B4114_A,y,Fengyuan,y,Meiji,,,,
971,mice,B4115-A,NEU-PD-2020-003,,GV-971 50mpk,Vehicle,,0,,female,2019/10/10,,,2020/6/18,36,Tg,9,GVRI,Bikai,20200904-16s,,time1,B4115_A,y,Fengyuan,y,Meiji,,,,
971,mice,B4116-A,NEU-PD-2020-003,,GV-971 200mpk,Vehicle,,0,,female,2019/10/10,,,2020/6/18,36,Tg,5,GVRI,Bikai,20200904-16s,,time1,B4116_A,y,Fengyuan,y,Meiji,,,,
971,mice,B4117-A,NEU-PD-2020-003,,WT,Vehicle,,0,,male,2019/10/10,,,2020/6/18,36,WT,2,GVRI,Bikai,20200904-16s,,time1,B4117_A,y,Fengyuan,y,Meiji,,,,
971,mice,B4196-A,NEU-PD-2020-003,,GV-971 100mpk,Vehicle,,0,,male,2019/10/18,,,2020/6/18,35,Tg,8,GVRI,Bikai,20200904-16s,,time1,B4196_A,y,Fengyuan,y,Meiji,,,,
971,mice,B4198-A,NEU-PD-2020-003,,GV-971 50mpk,Vehicle,,0,,male,2019/10/18,,,2020/6/18,35,Tg,10,GVRI,Bikai,20200904-16s,,time1,B4198_A,y,Fengyuan,y,Meiji,,,,
971,mice,B4199-A,NEU-PD-2020-003,,GV-971 50mpk,Vehicle,,0,,female,2019/10/18,,,2020/6/18,35,Tg,9,GVRI,Bikai,20200904-16s,,time1,B4199_A,y,Fengyuan,y,Meiji,,,,
971,mice,B4200-A,NEU-PD-2020-003,,TG,Vehicle,,0,,female,2019/10/18,,,2020/6/18,35,Tg,3,GVRI,Bikai,20200904-16s,,time1,B4200_A,y,Fengyuan,y,Meiji,,,,
971,mice,B4201-A,NEU-PD-2020-003,,GV-971 200mpk,Vehicle,,0,,female,2019/10/18,,,2020/6/18,35,Tg,5,GVRI,Bikai,20200904-16s,,time1,B4201_A,y,Fengyuan,y,Meiji,,,,
971,mice,B4202-A,NEU-PD-2020-003,,GV-971 100mpk,Vehicle,,0,,female,2019/10/10,,,2020/6/18,36,Tg,7,GVRI,Bikai,20200904-16s,,time1,B4202_A,y,Fengyuan,y,Meiji,,,,
971,mice,B4203-A,NEU-PD-2020-003,,GV-971 50mpk,Vehicle,,0,,male,2019/10/10,,,2020/6/18,36,Tg,10,GVRI,Bikai,20200904-16s,,time1,B4203_A,y,Fengyuan,y,Meiji,,,,
971,mice,B4207-A,NEU-PD-2020-003,,GV-971 50mpk,Vehicle,,0,,female,2019/10/14,,,2020/6/18,35,Tg,9,GVRI,Bikai,20200904-16s,,time1,B4207_A,y,Fengyuan,y,Meiji,,,,
971,mice,B4208-A,NEU-PD-2020-003,,WT,Vehicle,,0,,female,2019/10/14,,,2020/6/18,35,WT,1,GVRI,Bikai,20200904-16s,,time1,B4208_A,y,Fengyuan,y,Meiji,,,,
971,mice,B4209-A,NEU-PD-2020-003,,TG,Vehicle,,0,,female,2019/10/14,,,2020/6/18,35,Tg,3,GVRI,Bikai,20200904-16s,,time1,B4209_A,y,Fengyuan,y,Meiji,,,,
971,mice,B4210-A,NEU-PD-2020-003,,GV-971 100mpk,Vehicle,,0,,female,2019/10/14,,,2020/6/18,35,Tg,7,GVRI,Bikai,20200904-16s,,time1,B4210_A,y,Fengyuan,y,Meiji,,,,
971,mice,B4211-A,NEU-PD-2020-003,,GV-971 50mpk,Vehicle,,0,,female,2019/10/14,,,2020/6/18,35,Tg,9,GVRI,Bikai,20200904-16s,,time1,B4211_A,y,Fengyuan,y,Meiji,,,,
971,mice,B4212-A,NEU-PD-2020-003,,TG,Vehicle,,0,,female,2019/10/9,,,2020/6/18,36,Tg,3,GVRI,Bikai,20200904-16s,,time1,B4212_A,y,Fengyuan,y,Meiji,,,,
971,mice,B4213-A,NEU-PD-2020-003,,WT,Vehicle,,0,,female,2019/10/9,,,2020/6/18,36,WT,1,GVRI,Bikai,20200904-16s,,time1,B4213_A,y,Fengyuan,y,Meiji,,,,
971,mice,B4214-A,NEU-PD-2020-003,,GV-971 100mpk,Vehicle,,0,,female,2019/10/9,,,2020/6/18,36,Tg,7,GVRI,Bikai,20200904-16s,,time1,B4214_A,y,Fengyuan,y,Meiji,,,,
971,mice,B4215-A,NEU-PD-2020-003,,TG,Vehicle,,0,,male,2019/10/9,,,2020/6/18,36,Tg,4,GVRI,Bikai,20200904-16s,,time1,B4215_A,y,Fengyuan,y,Meiji,,,,
971,mice,B4216-A,NEU-PD-2020-003,,GV-971 200mpk,Vehicle,,0,,male,2019/10/9,,,2020/6/18,36,Tg,6,GVRI,Bikai,20200904-16s,,time1,B4216_A,y,Fengyuan,y,Meiji,,,,
971,mice,B4217-A,NEU-PD-2020-003,,TG,Vehicle,,0,,female,2019/10/14,,,2020/6/18,35,Tg,3,GVRI,Bikai,20200904-16s,,time1,B4217_A,y,Fengyuan,y,Meiji,,,,
971,mice,B4218-A,NEU-PD-2020-003,,GV-971 200mpk,Vehicle,,0,,female,2019/10/14,,,2020/6/18,35,Tg,5,GVRI,Bikai,20200904-16s,,time1,B4218_A,y,Fengyuan,y,Meiji,,,,
971,mice,B4223-A,NEU-PD-2020-003,,GV-971 50mpk,Vehicle,,0,,female,2019/10/21,,,2020/6/18,34,Tg,9,GVRI,Bikai,20200904-16s,,time1,B4223_A,y,Fengyuan,y,Meiji,,,,
971,mice,B4224-A,NEU-PD-2020-003,,TG,Vehicle,,0,,female,2019/10/21,,,2020/6/18,34,Tg,3,GVRI,Bikai,20200904-16s,,time1,B4224_A,y,Fengyuan,y,Meiji,,,,
971,mice,B4225-A,NEU-PD-2020-003,,GV-971 200mpk,Vehicle,,0,,female,2019/10/21,,,2020/6/18,34,Tg,5,GVRI,Bikai,20200904-16s,,time1,B4225_A,y,Fengyuan,y,Meiji,,,,
971,mice,B4226-A,NEU-PD-2020-003,,TG,Vehicle,,0,,male,2019/10/21,,,2020/6/18,34,Tg,4,GVRI,Bikai,20200904-16s,,time1,B4226_A,y,Fengyuan,y,Meiji,,,,
971,mice,B4227-A,NEU-PD-2020-003,,GV-971 100mpk,Vehicle,,0,,male,2019/10/21,,,2020/6/18,34,Tg,8,GVRI,Bikai,20200904-16s,,time1,B4227_A,y,Fengyuan,y,Meiji,,,,
971,mice,B4228-A,NEU-PD-2020-003,,GV-971 50mpk,Vehicle,,0,,male,2019/10/21,,,2020/6/18,34,Tg,10,GVRI,Bikai,20200904-16s,,time1,B4228_A,y,Fengyuan,y,Meiji,,,,
971,mice,B4229-A,NEU-PD-2020-003,,GV-971 100mpk,Vehicle,,0,,male,2019/10/22,,,2020/6/18,34,Tg,8,GVRI,Bikai,20200904-16s,,time1,B4229_A,y,Fengyuan,y,Meiji,,,,
971,mice,B4231-A,NEU-PD-2020-003,,GV-971 200mpk,Vehicle,,0,,male,2019/10/22,,,2020/6/18,34,Tg,6,GVRI,Bikai,20200904-16s,,time1,B4231_A,y,Fengyuan,y,Meiji,,,,
971,mice,B4233-A,NEU-PD-2020-003,,GV-971 200mpk,Vehicle,,0,,male,2019/10/22,,,2020/6/18,34,Tg,6,GVRI,Bikai,20200904-16s,,time1,B4233_A,y,Fengyuan,y,Meiji,,,,
971,mice,B4234-A,NEU-PD-2020-003,,TG,Vehicle,,0,,male,2019/10/22,,,2020/6/18,34,Tg,4,GVRI,Bikai,20200904-16s,,time1,B4234_A,y,Fengyuan,y,Meiji,,,,
971,mice,B4235-A,NEU-PD-2020-003,,GV-971 100mpk,Vehicle,,0,,female,2019/10/22,,,2020/6/18,34,Tg,7,GVRI,Bikai,20200904-16s,,time1,B4235_A,y,Fengyuan,y,Meiji,,,,
971,mice,B4236-A,NEU-PD-2020-003,,GV-971 200mpk,Vehicle,,0,,male,2019/10/22,,,2020/6/18,34,Tg,6,GVRI,Bikai,20200904-16s,,time1,B4236_A,y,Fengyuan,y,Meiji,,,,
971,mice,B4110-B,NEU-PD-2020-003,,GV-971 100mpk,GV971,,100,mpk,male,2019/10/10,,,2020/7/20,41,Tg,8,GVRI,Bikai,20200904-16s,,time2,B4110_B,y,Fengyuan,y,Meiji,,,,
971,mice,B4111-B,NEU-PD-2020-003,,WT,Vehicle,,0,,male,2019/10/10,,,2020/7/20,41,WT,2,GVRI,Bikai,20200904-16s,,time2,B4111_B,y,Fengyuan,y,Meiji,,,,
971,mice,B4112-B,NEU-PD-2020-003,,WT,Vehicle,,0,,male,2019/10/10,,,2020/7/20,41,WT,2,GVRI,Bikai,20200904-16s,,time2,B4112_B,y,Fengyuan,y,Meiji,,,,
971,mice,B4113-B,NEU-PD-2020-003,,GV-971 100mpk,GV971,,100,mpk,female,2019/10/10,,,2020/7/20,41,Tg,7,GVRI,Bikai,20200904-16s,,time2,B4113_B,y,Fengyuan,y,Meiji,,,,
971,mice,B4114-B,NEU-PD-2020-003,,WT,Vehicle,,0,,female,2019/10/10,,,2020/7/20,41,WT,1,GVRI,Bikai,20200904-16s,,time2,B4114_B,y,Fengyuan,y,Meiji,,,,
971,mice,B4115-B,NEU-PD-2020-003,,GV-971 50mpk,GV971,,50,mpk,female,2019/10/10,,,2020/7/20,41,Tg,9,GVRI,Bikai,20200904-16s,,time2,B4115_B,y,Fengyuan,y,Meiji,,,,
971,mice,B4116-B,NEU-PD-2020-003,,GV-971 200mpk,GV971,,200,mpk,female,2019/10/10,,,2020/7/20,41,Tg,5,GVRI,Bikai,20200904-16s,,time2,B4116_B,y,Fengyuan,y,Meiji,,,,
971,mice,B4117-B,NEU-PD-2020-003,,WT,Vehicle,,0,,male,2019/10/10,,,2020/7/20,41,WT,2,GVRI,Bikai,20200904-16s,,time2,B4117_B,y,Fengyuan,y,Meiji,,,,
971,mice,B4196-B,NEU-PD-2020-003,,GV-971 100mpk,GV971,,100,mpk,male,2019/10/18,,,2020/7/20,39,Tg,8,GVRI,Bikai,20200904-16s,,time2,B4196_B,y,Fengyuan,y,Meiji,,,,
971,mice,B4199-B,NEU-PD-2020-003,,GV-971 50mpk,GV971,,50,mpk,female,2019/10/18,,,2020/7/20,39,Tg,9,GVRI,Bikai,20200904-16s,,time2,B4199_B,y,Fengyuan,y,Meiji,,,,
971,mice,B4200-B,NEU-PD-2020-003,,TG,Vehicle,,0,,female,2019/10/18,,,2020/7/20,39,Tg,3,GVRI,Bikai,20200904-16s,,time2,B4200_B,y,Fengyuan,y,Meiji,,,,
971,mice,B4201-B,NEU-PD-2020-003,,GV-971 200mpk,GV971,,200,mpk,female,2019/10/18,,,2020/7/20,39,Tg,5,GVRI,Bikai,20200904-16s,,time2,B4201_B,y,Fengyuan,y,Meiji,,,,
971,mice,B5748-B,NEU-PD-2020-003,,GV-971 100mpk,GV971,,100,mpk,female,2019/10/10,,,2020/7/20,41,Tg,7,GVRI,Bikai,20200904-16s,,time2,B5748_B,y,Fengyuan,y,Meiji,,,,
971,mice,B4203-B,NEU-PD-2020-003,,GV-971 50mpk,GV971,,50,mpk,male,2019/10/10,,,2020/7/20,41,Tg,10,GVRI,Bikai,20200904-16s,,time2,B4203_B,y,Fengyuan,y,Meiji,,,,
971,mice,B4207-B,NEU-PD-2020-003,,GV-971 50mpk,GV971,,50,mpk,female,2019/10/14,,,2020/7/20,40,Tg,9,GVRI,Bikai,20200904-16s,,time2,B4207_B,y,Fengyuan,y,Meiji,,,,
971,mice,B4208-B,NEU-PD-2020-003,,WT,Vehicle,,0,,female,2019/10/14,,,2020/7/20,40,WT,1,GVRI,Bikai,20200904-16s,,time2,B4208_B,y,Fengyuan,y,Meiji,,,,
971,mice,B4209-B,NEU-PD-2020-003,,TG,Vehicle,,0,,female,2019/10/14,,,2020/7/20,40,Tg,3,GVRI,Bikai,20200904-16s,,time2,B4209_B,y,Fengyuan,y,Meiji,,,,
971,mice,B4210-B,NEU-PD-2020-003,,GV-971 100mpk,GV971,,100,mpk,female,2019/10/14,,,2020/7/20,40,Tg,7,GVRI,Bikai,20200904-16s,,time2,B4210_B,y,Fengyuan,y,Meiji,,,,
971,mice,B4211-B,NEU-PD-2020-003,,GV-971 50mpk,GV971,,50,mpk,female,2019/10/14,,,2020/7/20,40,Tg,9,GVRI,Bikai,20200904-16s,,time2,B4211_B,y,Fengyuan,y,Meiji,,,,
971,mice,B4212-B,NEU-PD-2020-003,,TG,Vehicle,,0,,female,2019/10/9,,,2020/7/20,41,Tg,3,GVRI,Bikai,20200904-16s,,time2,B4212_B,y,Fengyuan,y,Meiji,,,,
971,mice,B4213-B,NEU-PD-2020-003,,WT,Vehicle,,0,,female,2019/10/9,,,2020/7/20,41,WT,1,GVRI,Bikai,20200904-16s,,time2,B4213_B,y,Fengyuan,y,Meiji,,,,
971,mice,B4214-B,NEU-PD-2020-003,,GV-971 100mpk,GV971,,100,mpk,female,2019/10/9,,,2020/7/20,41,Tg,7,GVRI,Bikai,20200904-16s,,time2,B4214_B,y,Fengyuan,y,Meiji,,,,
971,mice,B4215-B,NEU-PD-2020-003,,TG,Vehicle,,0,,male,2019/10/9,,,2020/7/20,41,Tg,4,GVRI,Bikai,20200904-16s,,time2,B4215_B,y,Fengyuan,y,Meiji,,,,
971,mice,B4216-B,NEU-PD-2020-003,,GV-971 200mpk,GV971,,200,mpk,male,2019/10/9,,,2020/7/20,41,Tg,6,GVRI,Bikai,20200904-16s,,time2,B4216_B,y,Fengyuan,y,Meiji,,,,
971,mice,B4217-B,NEU-PD-2020-003,,TG,Vehicle,,0,,female,2019/10/14,,,2020/7/20,40,Tg,3,GVRI,Bikai,20200904-16s,,time2,B4217_B,y,Fengyuan,y,Meiji,,,,
971,mice,B4218-B,NEU-PD-2020-003,,GV-971 200mpk,GV971,,200,mpk,female,2019/10/14,,,2020/7/20,40,Tg,5,GVRI,Bikai,20200904-16s,,time2,B4218_B,y,Fengyuan,y,Meiji,,,,
971,mice,B4223-B,NEU-PD-2020-003,,GV-971 50mpk,GV971,,50,mpk,female,2019/10/21,,,2020/7/20,39,Tg,9,GVRI,Bikai,20200904-16s,,time2,B4223_B,y,Fengyuan,y,Meiji,,,,
971,mice,B4224-B,NEU-PD-2020-003,,TG,Vehicle,,0,,female,2019/10/21,,,2020/7/20,39,Tg,3,GVRI,Bikai,20200904-16s,,time2,B4224_B,y,Fengyuan,y,Meiji,,,,
971,mice,B4225-B,NEU-PD-2020-003,,GV-971 200mpk,GV971,,200,mpk,female,2019/10/21,,,2020/7/20,39,Tg,5,GVRI,Bikai,20200904-16s,,time2,B4225_B,y,Fengyuan,y,Meiji,,,,
971,mice,B4231-B,NEU-PD-2020-003,,GV-971 200mpk,GV971,,200,mpk,male,2019/10/22,,,2020/7/20,39,Tg,6,GVRI,Bikai,20200904-16s,,time2,B4231_B,y,Fengyuan,y,Meiji,,,,
971,mice,B4233-B,NEU-PD-2020-003,,GV-971 200mpk,GV971,,200,mpk,male,2019/10/22,,,2020/7/20,39,Tg,6,GVRI,Bikai,20200904-16s,,time2,B4233_B,y,Fengyuan,y,Meiji,,,,
971,mice,B4234-B,NEU-PD-2020-003,,TG,Vehicle,,0,,male,2019/10/22,,,2020/7/20,39,Tg,4,GVRI,Bikai,20200904-16s,,time2,B4234_B,y,Fengyuan,y,Meiji,,,,
971,mice,B4235-B,NEU-PD-2020-003,,GV-971 100mpk,GV971,,100,mpk,female,2019/10/22,,,2020/7/20,39,Tg,7,GVRI,Bikai,20200904-16s,,time2,B4235_B,y,Fengyuan,y,Meiji,,,,
971,mice,B4236-B,NEU-PD-2020-003,,GV-971 200mpk,GV971,,200,mpk,male,2019/10/22,,,2020/7/20,39,Tg,6,GVRI,Bikai,20200904-16s,,time2,B4236_B,y,Fengyuan,y,Meiji,,,,
tumor,mice,17979,ONC-2020-031,LLC_100mm3_surgical_removal,,,,,,male,,,7,2020/7/13,,C57BL/6,1,Lingchang,Pengli,20200904-16s,(P0),,X17979,y,Fengyuan,,,,,,
tumor,mice,17941,ONC-2020-031,LLC_100mm3_surgical_removal,,,,,,male,,,7,2020/7/13,,C57BL/6,1,Lingchang,Pengli,20200904-16s,(P0),,X17941,y,Fengyuan,,,,,,
tumor,mice,17989,ONC-2020-031,LLC_100mm3_surgical_removal,,,,,,male,,,7,2020/7/13,,C57BL/6,1,Lingchang,Pengli,20200904-16s,(P0),,X17989,y,Fengyuan,,,,,,
tumor,mice,17841,ONC-2020-031,LLC_100mm3_surgical_removal,,,,,,male,,,7,2020/7/13,,C57BL/6,1,Lingchang,Pengli,20200904-16s,(P0),,X17841,y,Fengyuan,,,,,,
tumor,mice,17760,ONC-2020-031,LLC_100mm3_surgical_removal,,,,,,male,,,7,2020/7/13,,C57BL/6,1,Lingchang,Pengli,20200904-16s,(P0),,X17760,y,Fengyuan,,,,,,
tumor,mice,17928,ONC-2020-031,LLC_100mm3_surgical_removal,,,,,,male,,,7,2020/7/14,,C57BL/6,2,Lingchang,Pengli,20200904-16s,(P1),,X17928,y,Fengyuan,,,,,,
tumor,mice,18007,ONC-2020-031,LLC_100mm3_surgical_removal,,,,,,male,,,7,2020/7/14,,C57BL/6,2,Lingchang,Pengli,20200904-16s,(P1),,X18007,y,Fengyuan,,,,,,
tumor,mice,17952,ONC-2020-031,LLC_100mm3_surgical_removal,,,,,,male,,,7,2020/7/14,,C57BL/6,2,Lingchang,Pengli,20200904-16s,(P1),,X17952,y,Fengyuan,,,,,,
tumor,mice,17971,ONC-2020-031,LLC_100mm3_surgical_removal,,,,,,male,,,7,2020/7/14,,C57BL/6,2,Lingchang,Pengli,20200904-16s,(P1),,X17971,y,Fengyuan,,,,,,
tumor,mice,17767,ONC-2020-031,LLC_100mm3_surgical_removal,,,,,,male,,,7,2020/7/14,,C57BL/6,2,Lingchang,Pengli,20200904-16s,(P1),,X17767,y,Fengyuan,,,,,,
tumor,mice,17854,ONC-2020-031,LLC_100mm3_surgical_removal,,,,,,male,,,7,2020/7/16,,C57BL/6,3,Lingchang,Pengli,20200904-16s,(P3),,X17854,y,Fengyuan,,,,,,
tumor,mice,17987,ONC-2020-031,LLC_100mm3_surgical_removal,,,,,,male,,,7,2020/7/16,,C57BL/6,3,Lingchang,Pengli,20200904-16s,(P3),,X17987,y,Fengyuan,,,,,,
tumor,mice,17949,ONC-2020-031,LLC_100mm3_surgical_removal,,,,,,male,,,7,2020/7/16,,C57BL/6,3,Lingchang,Pengli,20200904-16s,(P3),,X17949,y,Fengyuan,,,,,,
tumor,mice,17915,ONC-2020-031,LLC_100mm3_surgical_removal,,,,,,male,,,7,2020/7/16,,C57BL/6,3,Lingchang,Pengli,20200904-16s,(P3),,X17915,y,Fengyuan,,,,,,
tumor,mice,17890,ONC-2020-031,LLC_100mm3_surgical_removal,,,,,,male,,,7,2020/7/16,,C57BL/6,3,Lingchang,Pengli,20200904-16s,(P3),,X17890,y,Fengyuan,,,,,,
tumor,mice,17867,ONC-2020-031,LLC_100mm3_surgical_removal,,,,,,male,,,7,2020/7/20,,C57BL/6,4,Lingchang,Pengli,20200904-16s,(P7),,X17867,y,Fengyuan,,,,,,
tumor,mice,17942,ONC-2020-031,LLC_100mm3_surgical_removal,,,,,,male,,,7,2020/7/20,,C57BL/6,4,Lingchang,Pengli,20200904-16s,(P7),,X17942,y,Fengyuan,,,,,,
tumor,mice,17788,ONC-2020-031,LLC_100mm3_surgical_removal,,,,,,male,,,7,2020/7/20,,C57BL/6,4,Lingchang,Pengli,20200904-16s,(P7),,X17788,y,Fengyuan,,,,,,
tumor,mice,17950,ONC-2020-031,LLC_100mm3_surgical_removal,,,,,,male,,,7,2020/7/20,,C57BL/6,4,Lingchang,Pengli,20200904-16s,(P7),,X17950,y,Fengyuan,,,,,,
tumor,mice,17823,ONC-2020-031,LLC_100mm3_surgical_removal,,,,,,male,,,7,2020/7/20,,C57BL/6,4,Lingchang,Pengli,20200904-16s,(P7),,X17823,y,Fengyuan,,,,,,
tumor,mice,17808,ONC-2020-032,LLC 800mm3_surgical_removal,,,,,,male,,,7,2020/7/13,,C57BL/6,1,Lingchang,Pengli,20200904-16s,(P0),,X17808,y,Fengyuan,,,,,,
tumor,mice,17828,ONC-2020-032,LLC 800mm3_surgical_removal,,,,,,male,,,7,2020/7/13,,C57BL/6,1,Lingchang,Pengli,20200904-16s,(P0),,X17828,y,Fengyuan,,,,,,
tumor,mice,17811,ONC-2020-032,LLC 800mm3_surgical_removal,,,,,,male,,,7,2020/7/13,,C57BL/6,1,Lingchang,Pengli,20200904-16s,(P0),,X17811,y,Fengyuan,,,,,,
tumor,mice,17837,ONC-2020-032,LLC 800mm3_surgical_removal,,,,,,male,,,7,2020/7/13,,C57BL/6,1,Lingchang,Pengli,20200904-16s,(P0),,X17837,y,Fengyuan,,,,,,
tumor,mice,18011,ONC-2020-032,LLC 800mm3_surgical_removal,,,,,,male,,,7,2020/7/14,,C57BL/6,2,Lingchang,Pengli,20200904-16s,(P1),,X18011,y,Fengyuan,,,,,,
tumor,mice,17962,ONC-2020-032,LLC 800mm3_surgical_removal,,,,,,male,,,7,2020/7/14,,C57BL/6,2,Lingchang,Pengli,20200904-16s,(P1),,X17962,y,Fengyuan,,,,,,
tumor,mice,18006,ONC-2020-032,LLC 800mm3_surgical_removal,,,,,,male,,,7,2020/7/14,,C57BL/6,2,Lingchang,Pengli,20200904-16s,(P1),,X18006,y,Fengyuan,,,,,,
tumor,mice,17985,ONC-2020-032,LLC 800mm3_surgical_removal,,,,,,male,,,7,2020/7/14,,C57BL/6,2,Lingchang,Pengli,20200904-16s,(P1),,X17985,y,Fengyuan,,,,,,
tumor,mice,17888,ONC-2020-032,LLC 800mm3_surgical_removal,,,,,,male,,,7,2020/7/16,,C57BL/6,3,Lingchang,Pengli,20200904-16s,(P3),,X17888,y,Fengyuan,,,,,,
tumor,mice,17873,ONC-2020-032,LLC 800mm3_surgical_removal,,,,,,male,,,7,2020/7/16,,C57BL/6,3,Lingchang,Pengli,20200904-16s,(P3),,X17873,y,Fengyuan,,,,,,
tumor,mice,17955,ONC-2020-032,LLC 800mm3_surgical_removal,,,,,,male,,,7,2020/7/16,,C57BL/6,3,Lingchang,Pengli,20200904-16s,(P3),,X17955,y,Fengyuan,,,,,,
tumor,mice,17869,ONC-2020-032,LLC 800mm3_surgical_removal,,,,,,male,,,7,2020/7/16,,C57BL/6,3,Lingchang,Pengli,20200904-16s,(P3),,X17869,y,Fengyuan,,,,,,
tumor,mice,17846,ONC-2020-032,LLC 800mm3_surgical_removal,,,,,,male,,,7,2020/7/20,,C57BL/6,4,Lingchang,Pengli,20200904-16s,(P7),,X17846,y,Fengyuan,,,,,,
tumor,mice,17847,ONC-2020-032,LLC 800mm3_surgical_removal,,,,,,male,,,7,2020/7/20,,C57BL/6,4,Lingchang,Pengli,20200904-16s,(P7),,X17847,y,Fengyuan,,,,,,
tumor,mice,17970,ONC-2020-032,LLC 800mm3_surgical_removal,,,,,,male,,,7,2020/7/20,,C57BL/6,4,Lingchang,Pengli,20200904-16s,(P7),,X17970,y,Fengyuan,,,,,,
tumor,mice,18009,ONC-2020-032,LLC 800mm3_surgical_removal,,,,,,male,,,7,2020/7/20,,C57BL/6,4,Lingchang,Pengli,20200904-16s,(P7),,X18009,y,Fengyuan,,,,,,
tumor,mice,17978,ONC-2020-033,LLC 500mm3_surgical_removal,,,,,,male,,,7,2020/7/15,,C57BL/6,1,Lingchang,Pengli,20200904-16s,(P0),,X17978,y,Fengyuan,,,,,,
tumor,mice,17982,ONC-2020-033,LLC 500mm3_surgical_removal,,,,,,male,,,7,2020/7/15,,C57BL/6,1,Lingchang,Pengli,20200904-16s,(P0),,X17982,y,Fengyuan,,,,,,
tumor,mice,17789,ONC-2020-033,LLC 500mm3_surgical_removal,,,,,,male,,,7,2020/7/15,,C57BL/6,1,Lingchang,Pengli,20200904-16s,(P0),,X17789,y,Fengyuan,,,,,,
tumor,mice,17753,ONC-2020-033,LLC 500mm3_surgical_removal,,,,,,male,,,7,2020/7/15,,C57BL/6,1,Lingchang,Pengli,20200904-16s,(P0),,X17753,y,Fengyuan,,,,,,
tumor,mice,17878,ONC-2020-033,LLC 500mm3_surgical_removal,,,,,,male,,,7,2020/7/15,,C57BL/6,1,Lingchang,Pengli,20200904-16s,(P0),,X17878,y,Fengyuan,,,,,,
tumor,mice,17810,ONC-2020-033,LLC 500mm3_surgical_removal,,,,,,male,,,7,2020/7/15,,C57BL/6,1,Lingchang,Pengli,20200904-16s,(P0),,X17810,y,Fengyuan,,,,,,
tumor,mice,17805,ONC-2020-033,LLC 500mm3_surgical_removal,,,,,,male,,,7,2020/7/16,,C57BL/6,2,Lingchang,Pengli,20200904-16s,(P1),,X17805,y,Fengyuan,,,,,,
tumor,mice,17871,ONC-2020-033,LLC 500mm3_surgical_removal,,,,,,male,,,7,2020/7/16,,C57BL/6,2,Lingchang,Pengli,20200904-16s,(P1),,X17871,y,Fengyuan,,,,,,
tumor,mice,18015,ONC-2020-033,LLC 500mm3_surgical_removal,,,,,,male,,,7,2020/7/16,,C57BL/6,2,Lingchang,Pengli,20200904-16s,(P1),,X18015,y,Fengyuan,,,,,,
tumor,mice,17934,ONC-2020-033,LLC 500mm3_surgical_removal,,,,,,male,,,7,2020/7/16,,C57BL/6,2,Lingchang,Pengli,20200904-16s,(P1),,X17934,y,Fengyuan,,,,,,
tumor,mice,17835,ONC-2020-033,LLC 500mm3_surgical_removal,,,,,,male,,,7,2020/7/16,,C57BL/6,2,Lingchang,Pengli,20200904-16s,(P1),,X17835,y,Fengyuan,,,,,,
tumor,mice,17889,ONC-2020-033,LLC 500mm3_surgical_removal,,,,,,male,,,7,2020/7/18,,C57BL/6,3,Lingchang,Pengli,20200904-16s,(P3),,X17889,y,Fengyuan,,,,,,
tumor,mice,17887,ONC-2020-033,LLC 500mm3_surgical_removal,,,,,,male,,,7,2020/7/18,,C57BL/6,3,Lingchang,Pengli,20200904-16s,(P3),,X17887,y,Fengyuan,,,,,,
tumor,mice,17929,ONC-2020-033,LLC 500mm3_surgical_removal,,,,,,male,,,7,2020/7/18,,C57BL/6,3,Lingchang,Pengli,20200904-16s,(P3),,X17929,y,Fengyuan,,,,,,
tumor,mice,17936,ONC-2020-033,LLC 500mm3_surgical_removal,,,,,,male,,,7,2020/7/18,,C57BL/6,3,Lingchang,Pengli,20200904-16s,(P3),,X17936,y,Fengyuan,,,,,,
tumor,mice,17768,ONC-2020-033,LLC 500mm3_surgical_removal,,,,,,male,,,7,2020/7/18,,C57BL/6,3,Lingchang,Pengli,20200904-16s,(P3),,X17768,y,Fengyuan,,,,,,
tumor,mice,17848,ONC-2020-033,LLC 500mm3_surgical_removal,,,,,,male,,,7,2020/7/18,,C57BL/6,3,Lingchang,Pengli,20200904-16s,(P3),,X17848,y,Fengyuan,,,,,,
tumor,mice,17918,ONC-2020-033,LLC 500mm3_surgical_removal,,,,,,male,,,7,2020/7/22,,C57BL/6,4,Lingchang,Pengli,20200904-16s,(P7),,X17918,y,Fengyuan,,,,,,
tumor,mice,17858,ONC-2020-033,LLC 500mm3_surgical_removal,,,,,,male,,,7,2020/7/22,,C57BL/6,4,Lingchang,Pengli,20200904-16s,(P7),,X17858,y,Fengyuan,,,,,,
tumor,mice,17824,ONC-2020-033,LLC 500mm3_surgical_removal,,,,,,male,,,7,2020/7/22,,C57BL/6,4,Lingchang,Pengli,20200904-16s,(P7),,X17824,y,Fengyuan,,,,,,
tumor,mice,17916,ONC-2020-033,LLC 500mm3_surgical_removal,,,,,,male,,,7,2020/7/22,,C57BL/6,4,Lingchang,Pengli,20200904-16s,(P7),,X17916,y,Fengyuan,,,,,,
tumor,mice,17787,ONC-2020-033,LLC 500mm3_surgical_removal,,,,,,male,,,7,2020/7/22,,C57BL/6,4,Lingchang,Pengli,20200904-16s,(P7),,X17787,y,Fengyuan,,,,,,
tumor,mice,17772,ONC-2020-033,LLC 500mm3_surgical_removal,,,,,,male,,,7,2020/7/22,,C57BL/6,4,Lingchang,Pengli,20200904-16s,(P7),,X17772,y,Fengyuan,,,,,,
tumor,mice,18237-A,ONC-2020-CO-016,Hepa1_6_NC,,,,,,female,,,5,2020/7/14,,C57BL/6,1,Lingchang,Pengli,20200904-16s,,time1,X18237_A,y,Fengyuan,,,,,,
tumor,mice,18238-A,ONC-2020-CO-016,Hepa1_6_NC,,,,,,female,,,5,2020/7/14,,C57BL/6,1,Lingchang,Pengli,20200904-16s,,time1,X18238_A,y,Fengyuan,,,,,,
tumor,mice,18239-A,ONC-2020-CO-016,Hepa1_6_NC,,,,,,female,,,5,2020/7/14,,C57BL/6,1,Lingchang,Pengli,20200904-16s,,time1,X18239_A,y,Fengyuan,,,,,,
tumor,mice,18240-A,ONC-2020-CO-016,Hepa1_6_NC,,,,,,female,,,7,2020/7/14,,C57BL/6,1,Lingchang,Pengli,20200904-16s,,time1,X18240_A,y,Fengyuan,,,,,,
tumor,mice,18241-A,ONC-2020-CO-016,Hepa1_6_NC,,,,,,female,,,7,2020/7/14,,C57BL/6,1,Lingchang,Pengli,20200904-16s,,time1,X18241_A,y,Fengyuan,,,,,,
tumor,mice,18242-A,ONC-2020-CO-016,Hepa1_6_NC,,,,,,female,,,7,2020/7/14,,C57BL/6,2,Lingchang,Pengli,20200904-16s,,time1,X18242_A,y,Fengyuan,,,,,,
tumor,mice,18243-A,ONC-2020-CO-016,Hepa1_6_NC,,,,,,female,,,7,2020/7/14,,C57BL/6,2,Lingchang,Pengli,20200904-16s,,time1,X18243_A,y,Fengyuan,,,,,,
tumor,mice,18244-A,ONC-2020-CO-016,Hepa1_6_NC,,,,,,female,,,7,2020/7/14,,C57BL/6,2,Lingchang,Pengli,20200904-16s,,time1,X18244_A,y,Fengyuan,,,,,,
tumor,mice,18245-A,ONC-2020-CO-016,Hepa1_6_NC,,,,,,female,,,7,2020/7/14,,C57BL/6,2,Lingchang,Pengli,20200904-16s,,time1,X18245_A,y,Fengyuan,,,,,,
tumor,mice,18246-A,ONC-2020-CO-016,Hepa1_6_NC,,,,,,female,,,7,2020/7/14,,C57BL/6,2,Lingchang,Pengli,20200904-16s,,time1,X18246_A,y,Fengyuan,,,,,,
tumor,mice,18262-A,ONC-2020-CO-016,Hepa1_6_4_2,,,,,,female,,,7,2020/7/14,,C57BL/6,6,Lingchang,Pengli,20200904-16s,,time1,X18262_A,y,Fengyuan,,,,,,
tumor,mice,18263-A,ONC-2020-CO-016,Hepa1_6_4_2,,,,,,female,,,7,2020/7/14,,C57BL/6,6,Lingchang,Pengli,20200904-16s,,time1,X18263_A,y,Fengyuan,,,,,,
tumor,mice,18264-A,ONC-2020-CO-016,Hepa1_6_4_2,,,,,,female,,,7,2020/7/14,,C57BL/6,6,Lingchang,Pengli,20200904-16s,,time1,X18264_A,y,Fengyuan,,,,,,
tumor,mice,18265-A,ONC-2020-CO-016,Hepa1_6_4_2,,,,,,female,,,7,2020/7/14,,C57BL/6,6,Lingchang,Pengli,20200904-16s,,time1,X18265_A,y,Fengyuan,,,,,,
tumor,mice,18266-A,ONC-2020-CO-016,Hepa1_6_4_2,,,,,,female,,,7,2020/7/14,,C57BL/6,6,Lingchang,Pengli,20200904-16s,,time1,X18266_A,y,Fengyuan,,,,,,
tumor,mice,18267-A,ONC-2020-CO-016,Hepa1_6_4_2,,,,,,female,,,7,2020/7/14,,C57BL/6,7,Lingchang,Pengli,20200904-16s,,time1,X18267_A,y,Fengyuan,,,,,,
tumor,mice,18268-A,ONC-2020-CO-016,Hepa1_6_4_2,,,,,,female,,,7,2020/7/14,,C57BL/6,7,Lingchang,Pengli,20200904-16s,,time1,X18268_A,y,Fengyuan,,,,,,
tumor,mice,18269-A,ONC-2020-CO-016,Hepa1_6_4_2,,,,,,female,,,7,2020/7/14,,C57BL/6,7,Lingchang,Pengli,20200904-16s,,time1,X18269_A,y,Fengyuan,,,,,,
tumor,mice,18270-A,ONC-2020-CO-016,Hepa1_6_4_2,,,,,,female,,,7,2020/7/14,,C57BL/6,7,Lingchang,Pengli,20200904-16s,,time1,X18270_A,y,Fengyuan,,,,,,
tumor,mice,18271-A,ONC-2020-CO-016,Hepa1_6_4_2,,,,,,female,,,7,2020/7/14,,C57BL/6,7,Lingchang,Pengli,20200904-16s,,time1,X18271_A,y,Fengyuan,,,,,,
tumor,mice,18237-B,ONC-2020-CO-016,Hepa1_6_NC,,,,,,female,,,5,2020/7/22,,C57BL/6,1,Lingchang,Pengli,20200904-16s,,time2,X18237_B,y,Fengyuan,,,,,,
tumor,mice,18238-B,ONC-2020-CO-016,Hepa1_6_NC,,,,,,female,,,5,2020/7/22,,C57BL/6,1,Lingchang,Pengli,20200904-16s,,time2,X18238_B,y,Fengyuan,,,,,,
tumor,mice,18239-B,ONC-2020-CO-016,Hepa1_6_NC,,,,,,female,,,5,2020/7/22,,C57BL/6,1,Lingchang,Pengli,20200904-16s,,time2,X18239_B,y,Fengyuan,,,,,,
tumor,mice,18240-B,ONC-2020-CO-016,Hepa1_6_NC,,,,,,female,,,7,2020/7/22,,C57BL/6,1,Lingchang,Pengli,20200904-16s,,time2,X18240_B,y,Fengyuan,,,,,,
tumor,mice,18241-B,ONC-2020-CO-016,Hepa1_6_NC,,,,,,female,,,7,2020/7/22,,C57BL/6,1,Lingchang,Pengli,20200904-16s,,time2,X18241_B,y,Fengyuan,,,,,,
tumor,mice,18242-B,ONC-2020-CO-016,Hepa1_6_NC,,,,,,female,,,7,2020/7/22,,C57BL/6,2,Lingchang,Pengli,20200904-16s,,time2,X18242_B,y,Fengyuan,,,,,,
tumor,mice,18243-B,ONC-2020-CO-016,Hepa1_6_NC,,,,,,female,,,7,2020/7/22,,C57BL/6,2,Lingchang,Pengli,20200904-16s,,time2,X18243_B,y,Fengyuan,,,,,,
tumor,mice,18244-B,ONC-2020-CO-016,Hepa1_6_NC,,,,,,female,,,7,2020/7/22,,C57BL/6,2,Lingchang,Pengli,20200904-16s,,time2,X18244_B,y,Fengyuan,,,,,,
tumor,mice,18245-B,ONC-2020-CO-016,Hepa1_6_NC,,,,,,female,,,7,2020/7/22,,C57BL/6,2,Lingchang,Pengli,20200904-16s,,time2,X18245_B,y,Fengyuan,,,,,,
tumor,mice,18246-B,ONC-2020-CO-016,Hepa1_6_NC,,,,,,female,,,7,2020/7/22,,C57BL/6,2,Lingchang,Pengli,20200904-16s,,time2,X18246_B,y,Fengyuan,,,,,,
tumor,mice,18262-B,ONC-2020-CO-016,Hepa1_6_4_2,,,,,,female,,,7,2020/7/22,,C57BL/6,6,Lingchang,Pengli,20200904-16s,,time2,X18262_B,y,Fengyuan,,,,,,
tumor,mice,18263-B,ONC-2020-CO-016,Hepa1_6_4_2,,,,,,female,,,7,2020/7/22,,C57BL/6,6,Lingchang,Pengli,20200904-16s,,time2,X18263_B,y,Fengyuan,,,,,,
tumor,mice,18264-B,ONC-2020-CO-016,Hepa1_6_4_2,,,,,,female,,,7,2020/7/22,,C57BL/6,6,Lingchang,Pengli,20200904-16s,,time2,X18264_B,y,Fengyuan,,,,,,
tumor,mice,18265-B,ONC-2020-CO-016,Hepa1_6_4_2,,,,,,female,,,7,2020/7/22,,C57BL/6,6,Lingchang,Pengli,20200904-16s,,time2,X18265_B,y,Fengyuan,,,,,,
tumor,mice,18266-B,ONC-2020-CO-016,Hepa1_6_4_2,,,,,,female,,,7,2020/7/22,,C57BL/6,6,Lingchang,Pengli,20200904-16s,,time2,X18266_B,y,Fengyuan,,,,,,
tumor,mice,18267-B,ONC-2020-CO-016,Hepa1_6_4_2,,,,,,female,,,7,2020/7/22,,C57BL/6,7,Lingchang,Pengli,20200904-16s,,time2,X18267_B,y,Fengyuan,,,,,,
tumor,mice,18268-B,ONC-2020-CO-016,Hepa1_6_4_2,,,,,,female,,,7,2020/7/22,,C57BL/6,7,Lingchang,Pengli,20200904-16s,,time2,X18268_B,y,Fengyuan,,,,,,
tumor,mice,18269-B,ONC-2020-CO-016,Hepa1_6_4_2,,,,,,female,,,7,2020/7/22,,C57BL/6,7,Lingchang,Pengli,20200904-16s,,time2,X18269_B,y,Fengyuan,,,,,,
tumor,mice,18270-B,ONC-2020-CO-016,Hepa1_6_4_2,,,,,,female,,,7,2020/7/22,,C57BL/6,7,Lingchang,Pengli,20200904-16s,,time2,X18270_B,y,Fengyuan,,,,,,
tumor,mice,18271-B,ONC-2020-CO-016,Hepa1_6_4_2,,,,,,female,,,7,2020/7/22,,C57BL/6,7,Lingchang,Pengli,20200904-16s,,time2,X18271_B,y,Fengyuan,,,,,,
tumor,mice,18237-C,ONC-2020-CO-016,Hepa1_6_NC,,,,,,female,,,5,2020/7/29,,C57BL/6,1,Lingchang,Pengli,20200904-16s,,time3,X18237_C,y,Fengyuan,,,,,,
tumor,mice,18238-C,ONC-2020-CO-016,Hepa1_6_NC,,,,,,female,,,5,2020/7/29,,C57BL/6,1,Lingchang,Pengli,20200904-16s,,time3,X18238_C,y,Fengyuan,,,,,,
tumor,mice,18239-C,ONC-2020-CO-016,Hepa1_6_NC,,,,,,female,,,5,2020/7/29,,C57BL/6,1,Lingchang,Pengli,20200904-16s,,time3,X18239_C,y,Fengyuan,,,,,,
tumor,mice,18240-C,ONC-2020-CO-016,Hepa1_6_NC,,,,,,female,,,7,2020/7/29,,C57BL/6,1,Lingchang,Pengli,20200904-16s,,time3,X18240_C,y,Fengyuan,,,,,,
tumor,mice,18241-C,ONC-2020-CO-016,Hepa1_6_NC,,,,,,female,,,7,2020/7/29,,C57BL/6,1,Lingchang,Pengli,20200904-16s,,time3,X18241_C,y,Fengyuan,,,,,,
tumor,mice,18242-C,ONC-2020-CO-016,Hepa1_6_NC,,,,,,female,,,7,2020/7/29,,C57BL/6,2,Lingchang,Pengli,20200904-16s,,time3,X18242_C,y,Fengyuan,,,,,,
tumor,mice,18243-C,ONC-2020-CO-016,Hepa1_6_NC,,,,,,female,,,7,2020/7/29,,C57BL/6,2,Lingchang,Pengli,20200904-16s,,time3,X18243_C,y,Fengyuan,,,,,,
tumor,mice,18244-C,ONC-2020-CO-016,Hepa1_6_NC,,,,,,female,,,7,2020/7/29,,C57BL/6,2,Lingchang,Pengli,20200904-16s,,time3,X18244_C,y,Fengyuan,,,,,,
tumor,mice,18245-C,ONC-2020-CO-016,Hepa1_6_NC,,,,,,female,,,7,2020/7/29,,C57BL/6,2,Lingchang,Pengli,20200904-16s,,time3,X18245_C,y,Fengyuan,,,,,,
tumor,mice,18246-C,ONC-2020-CO-016,Hepa1_6_NC,,,,,,female,,,7,2020/7/29,,C57BL/6,2,Lingchang,Pengli,20200904-16s,,time3,X18246_C,y,Fengyuan,,,,,,
tumor,mice,18262-C,ONC-2020-CO-016,Hepa1_6_4_2,,,,,,female,,,7,2020/7/29,,C57BL/6,6,Lingchang,Pengli,20200904-16s,,time3,X18262_C,y,Fengyuan,,,,,,
tumor,mice,18263-C,ONC-2020-CO-016,Hepa1_6_4_2,,,,,,female,,,7,2020/7/29,,C57BL/6,6,Lingchang,Pengli,20200904-16s,,time3,X18263_C,y,Fengyuan,,,,,,
tumor,mice,18264-C,ONC-2020-CO-016,Hepa1_6_4_2,,,,,,female,,,7,2020/7/29,,C57BL/6,6,Lingchang,Pengli,20200904-16s,,time3,X18264_C,y,Fengyuan,,,,,,
tumor,mice,18265-C,ONC-2020-CO-016,Hepa1_6_4_2,,,,,,female,,,7,2020/7/29,,C57BL/6,6,Lingchang,Pengli,20200904-16s,,time3,X18265_C,y,Fengyuan,,,,,,
tumor,mice,18266-C,ONC-2020-CO-016,Hepa1_6_4_2,,,,,,female,,,7,2020/7/29,,C57BL/6,6,Lingchang,Pengli,20200904-16s,,time3,X18266_C,y,Fengyuan,,,,,,
tumor,mice,18267-C,ONC-2020-CO-016,Hepa1_6_4_2,,,,,,female,,,7,2020/7/29,,C57BL/6,7,Lingchang,Pengli,20200904-16s,,time3,X18267_C,y,Fengyuan,,,,,,
tumor,mice,18268-C,ONC-2020-CO-016,Hepa1_6_4_2,,,,,,female,,,7,2020/7/29,,C57BL/6,7,Lingchang,Pengli,20200904-16s,,time3,X18268_C,y,Fengyuan,,,,,,
tumor,mice,18269-C,ONC-2020-CO-016,Hepa1_6_4_2,,,,,,female,,,7,2020/7/29,,C57BL/6,7,Lingchang,Pengli,20200904-16s,,time3,X18269_C,y,Fengyuan,,,,,,
tumor,mice,18270-C,ONC-2020-CO-016,Hepa1_6_4_2,,,,,,female,,,7,2020/7/29,,C57BL/6,7,Lingchang,Pengli,20200904-16s,,time3,X18270_C,y,Fengyuan,,,,,,
tumor,mice,18271-C,ONC-2020-CO-016,Hepa1_6_4_2,,,,,,female,,,7,2020/7/29,,C57BL/6,7,Lingchang,Pengli,20200904-16s,,time3,X18271_C,y,Fengyuan,,,,,,
,human,SH201905-364,Liuyuan20200825,,,,,,,,,,,,,,,,,,,,,,,,,,,,
,human,SH201905-383,Liuyuan20200825,,,,,,,,,,,,,,,,,,,,,,,,,,,,
,human,SH201905-386,Liuyuan20200825,,,,,,,,,,,,,,,,,,,,,,,,,,,,
,human,SH201905-399,Liuyuan20200825,,,,,,,,,,,,,,,,,,,,,,,,,,,,
,human,SH201905-408,Liuyuan20200825,,,,,,,,,,,,,,,,,,,,,,,,,,,,
,human,SH201905-430,Liuyuan20200825,,,,,,,,,,,,,,,,,,,,,,,,,,,,
,human,SH201905-434,Liuyuan20200825,,,,,,,,,,,,,,,,,,,,,,,,,,,,
,human,SH201905-435,Liuyuan20200825,,,,,,,,,,,,,,,,,,,,,,,,,,,,
,human,SH201905-438,Liuyuan20200825,,,,,,,,,,,,,,,,,,,,,,,,,,,,